日期,做空,做多,主力空,主力多
1月5日,"['BB', 'WR', 'J', 'FU', 'TC', 'JD', 'CS', 'MA', 'BU']","['RI', 'V', 'AL', 'RU', 'CU', 'L', 'B', 'PP', 'ME']","['BB1501.DCE', 'WR1502.SHF', 'J1501.DCE', 'FU1505.SHF', 'TC501.CZC', 'JD1509.DCE', 'CS1509.DCE', 'MA509.CZC', 'BU1509.SHF']","['RI501.CZC', 'V1509.DCE', 'AL1502.SHF', 'RU1509.SHF', 'CU1504.SHF', 'L1509.DCE', 'B1503.DCE', 'PP1509.DCE', 'ME501.CZC']"
1月6日,"['J', 'FU', 'TC', 'JD', 'CS', 'BU', 'MA', 'WH', 'CF']","['V', 'RU', 'CU', 'RI', 'L', 'BB', 'PP', 'ME', 'B']","['J1501.DCE', 'FU1505.SHF', 'TC501.CZC', 'JD1509.DCE', 'CS1509.DCE', 'BU1509.SHF', 'MA509.CZC', 'WH505.CZC', 'CF509.CZC']","['V1509.DCE', 'RU1509.SHF', 'CU1504.SHF', 'RI501.CZC', 'L1509.DCE', 'BB1505.DCE', 'PP1509.DCE', 'ME501.CZC', 'FB1508.DCE']"
1月7日,"['FU', 'J', 'TC', 'JD', 'CS', 'BU', 'MA', 'WH', 'HC']","['V', 'RU', 'CU', 'L', 'PP', 'RI', 'BB', 'ME', 'B']","['FU1506.SHF', 'J1501.DCE', 'TC501.CZC', 'JD1509.DCE', 'CS1509.DCE', 'BU1509.SHF', 'MA509.CZC', 'WH505.CZC', 'HC1501.SHF']","['V1509.DCE', 'RU1509.SHF', 'CU1504.SHF', 'L1509.DCE', 'PP1509.DCE', 'RI501.CZC', 'BB1505.DCE', 'ME501.CZC', 'FB1508.DCE']"
1月8日,"['J', 'FU', 'JD', 'CS', 'BU', 'FB', 'MA', 'HC', 'WH']","['RM', 'V', 'RU', 'CU', 'I', 'BB', 'PP', 'L', 'ME']","['J1501.DCE', 'FU1506.SHF', 'JD1509.DCE', 'CS1509.DCE', 'BU1509.SHF', 'FB1501.DCE', 'MA509.CZC', 'HC1501.SHF', 'WH505.CZC']","['RM509.CZC', 'V1509.DCE', 'RU1509.SHF', 'CU1504.SHF', 'I1509.DCE', 'BB1505.DCE', 'PP1509.DCE', 'L1509.DCE', 'ME501.CZC']"
1月9日,"['J', 'BU', 'FU', 'JD', 'CS', 'HC', 'MA', 'WH', 'TA']","['A', 'RM', 'RU', 'L', 'CU', 'PP', 'I', 'WR', 'ME']","['J1501.DCE', 'BU1509.SHF', 'FU1506.SHF', 'JD1509.DCE', 'CS1509.DCE', 'HC1501.SHF', 'MA509.CZC', 'WH505.CZC', 'TA509.CZC']","['A1509.DCE', 'RM509.CZC', 'RU1509.SHF', 'L1509.DCE', 'CU1504.SHF', 'PP1509.DCE', 'I1509.DCE', 'WR1502.SHF', 'ME501.CZC']"
1月12日,"['J', 'BU', 'FU', 'JD', 'HC', 'CS', 'MA', 'WH', 'SR']","['RM', 'RI', 'L', 'RU', 'PP', 'CU', 'AF', 'I', 'ME']","['J1501.DCE', 'BU1509.SHF', 'FU1506.SHF', 'JD1509.DCE', 'HC1501.SHF', 'CS1509.DCE', 'MA509.CZC', 'WH505.CZC', 'SR509.CZC']","['RM509.CZC', 'RI501.CZC', 'L1509.DCE', 'RU1509.SHF', 'PP1509.DCE', 'CU1504.SHF', 'AF1506-S.CFE', 'I1509.DCE', 'ME501.CZC']"
1月13日,"['J', 'BU', 'FU', 'JD', 'CS', 'MA', 'HC', 'IM', 'WH']","['RM', 'RI', 'BB', 'RU', 'L', 'CU', 'PP', 'I', 'ME']","['J1501.DCE', 'BU1509.SHF', 'FU1506.SHF', 'JD1509.DCE', 'CS1509.DCE', 'MA509.CZC', 'HC1501.SHF', 'IM_S1503.SHF', 'WH505.CZC']","['RM509.CZC', 'RI501.CZC', 'BB1505.DCE', 'RU1509.SHF', 'L1509.DCE', 'CU1504.SHF', 'PP1509.DCE', 'I1509.DCE', 'ME502.CZC']"
1月14日,"['J', 'BU', 'FB', 'FU', 'IM', 'JD', 'CS', 'MA', 'WH']","['A', 'RM', 'RU', 'I', 'L', 'CU', 'PP', 'WR', 'ME']","['J1501.DCE', 'BU1509.SHF', 'FB1501.DCE', 'FU1506.SHF', 'IM_S1503.SHF', 'JD1509.DCE', 'CS1509.DCE', 'MA509.CZC', 'WH505.CZC']","['A1509.DCE', 'RM509.CZC', 'RU1509.SHF', 'I1509.DCE', 'L1509.DCE', 'CU1504.SHF', 'PP1509.DCE', 'WR1502.SHF', 'ME502.CZC']"
1月15日,"['J', 'BU', 'JD', 'FB', 'FU', 'BB', 'HC', 'CS', 'MA']","['LR', 'RM', 'RU', 'WH', 'I', 'L', 'PP', 'WR', 'ME']","['J1501.DCE', 'BU1509.SHF', 'JD1509.DCE', 'FB1501.DCE', 'FU1506.SHF', 'BB1505.DCE', 'HC1501.SHF', 'CS1509.DCE', 'MA509.CZC']","['LR501.CZC', 'RM509.CZC', 'RU1509.SHF', 'WH501.CZC', 'I1509.DCE', 'L1509.DCE', 'PP1509.DCE', 'WR1502.SHF', 'ME501.CZC']"
1月16日,"['B', 'BB', 'FU', 'BU', 'JD', 'CS', 'MA', 'CF', 'SR']","['RM', 'RU', 'CU', 'HC', 'I', 'L', 'PP', 'IM', 'ME']","['PB1512.SHF', 'BB1505.DCE', 'FU1506.SHF', 'BU1509.SHF', 'JD1509.DCE', 'CS1509.DCE', 'MA509.CZC', 'CF509.CZC', 'SR509.CZC']","['RM509.CZC', 'RU1509.SHF', 'CU1504.SHF', 'HC1503.SHF', 'I1509.DCE', 'L1509.DCE', 'PP1509.DCE', 'IM_S1503.SHF', 'ME502.CZC']"
1月19日,"['BB', 'BU', 'FU', 'JD', 'CS', 'MA', 'CF', 'TA', 'SR']","['CU', 'RU', 'RM', 'I', 'L', 'PP', 'IM', 'ME', 'WR']","['BB1505.DCE', 'BU1509.SHF', 'FU1506.SHF', 'JD1509.DCE', 'CS1509.DCE', 'MA509.CZC', 'CF509.CZC', 'TA509.CZC', 'SR509.CZC']","['CU1504.SHF', 'RU1509.SHF', 'RM509.CZC', 'I1509.DCE', 'L1509.DCE', 'PP1509.DCE', 'IM_S1503.SHF', 'ME503.CZC', 'WR1505.SHF']"
1月20日,"['BB', 'FU', 'BU', 'JD', 'CS', 'MA', 'CF', 'TA', 'SR']","['CU', 'RU', 'RM', 'L', 'PP', 'HC', 'I', 'WR', 'ME']","['BB1505.DCE', 'FU1506.SHF', 'BU1509.SHF', 'JD1509.DCE', 'CS1509.DCE', 'MA509.CZC', 'CF509.CZC', 'TA509.CZC', 'SR509.CZC']","['CU1504.SHF', 'RU1509.SHF', 'RM509.CZC', 'L1509.DCE', 'PP1509.DCE', 'HC1503.SHF', 'I1509.DCE', 'WR1502.SHF', 'ME504.CZC']"
1月21日,"['B', 'FU', 'BB', 'BU', 'JD', 'CS', 'MA', 'CF', 'SR']","['CU', 'A', 'RU', 'RM', 'L', 'PP', 'I', 'HC', 'WR']","['PB1511.SHF', 'FU1506.SHF', 'BB1505.DCE', 'BU1509.SHF', 'JD1509.DCE', 'CS1509.DCE', 'MA509.CZC', 'CF509.CZC', 'SR509.CZC']","['CU1504.SHF', 'A1509.DCE', 'RU1509.SHF', 'RM509.CZC', 'L1509.DCE', 'PP1509.DCE', 'I1509.DCE', 'HC1503.SHF', 'WR1502.SHF']"
1月22日,"['B', 'BB', 'FU', 'BU', 'JD', 'CS', 'MA', 'CF', 'TA']","['IM', 'A', 'RM', 'RU', 'L', 'PP', 'HC', 'I', 'WR']","['PB1511.SHF', 'BB1505.DCE', 'FU1506.SHF', 'BU1509.SHF', 'JD1509.DCE', 'CS1509.DCE', 'MA509.CZC', 'CF509.CZC', 'TA509.CZC']","['IM_S1503.SHF', 'A1509.DCE', 'RM509.CZC', 'RU1509.SHF', 'L1509.DCE', 'PP1509.DCE', 'HC1503.SHF', 'I1509.DCE', 'WR1502.SHF']"
1月23日,"['FU', 'BB', 'BU', 'JD', 'PM', 'CS', 'MA', 'CF', 'CU']","['PB', 'A', 'HC', 'RM', 'RU', 'I', 'L', 'PP', 'WR']","['FU1506.SHF', 'BB1505.DCE', 'BU1509.SHF', 'JD1509.DCE', 'PM505.CZC', 'CS1509.DCE', 'MA509.CZC', 'CF509.CZC', 'CU1503.SHF']","['PB1504.SHF', 'A1509.DCE', 'HC1503.SHF', 'RM509.CZC', 'RU1509.SHF', 'I1509.DCE', 'L1509.DCE', 'PP1509.DCE', 'WR1505.SHF']"
1月26日,"['BB', 'FU', 'IM', 'BU', 'JD', 'CS', 'MA', 'CF', 'TA']","['AL', 'PB', 'RM', 'RU', 'I', 'L', 'PP', 'ME', 'WR']","['BB1505.DCE', 'FU1506.SHF', 'IM_S1501.SHF', 'BU1509.SHF', 'JD1509.DCE', 'CS1509.DCE', 'MA509.CZC', 'CF509.CZC', 'TA509.CZC']","['AL1503.SHF', 'PB1504.SHF', 'RM509.CZC', 'RU1509.SHF', 'I1509.DCE', 'L1509.DCE', 'PP1509.DCE', 'ME503.CZC', 'WR1505.SHF']"
1月27日,"['BB', 'FU', 'BU', 'IM', 'JD', 'CS', 'MA', 'FB', 'CF']","['WR', 'AF', 'A', 'AL', 'RM', 'I', 'L', 'RU', 'PP']","['BB1505.DCE', 'FU1506.SHF', 'BU1509.SHF', 'IM_S1502.SHF', 'JD1509.DCE', 'CS1509.DCE', 'MA509.CZC', 'FB1509.DCE', 'CF509.CZC']","['WR1511.SHF', 'AF1509-S.CFE', 'A1509.DCE', 'AL1503.SHF', 'RM509.CZC', 'I1509.DCE', 'L1509.DCE', 'RU1509.SHF', 'PP1509.DCE']"
1月28日,"['FU', 'JD', 'BU', 'CS', 'MA', 'RI', 'CF', 'CU', 'TA']","['RM', 'PB', 'IM', 'I', 'PP', 'L', 'RU', 'ME', 'BB']","['FU1506.SHF', 'JD1509.DCE', 'BU1509.SHF', 'CS1509.DCE', 'MA509.CZC', 'RI509.CZC', 'CF509.CZC', 'CU1503.SHF', 'TA509.CZC']","['RM509.CZC', 'PB1504.SHF', 'IM_S1502.SHF', 'I1509.DCE', 'PP1509.DCE', 'L1509.DCE', 'RU1509.SHF', 'ME502.CZC', 'BB1502.DCE']"
1月29日,"['FU', 'JD', 'BU', 'CS', 'MA', 'PM', 'CF', 'TA', 'SR']","['CU', 'HC', 'I', 'RU', 'L', 'PP', 'ME', 'BB', 'FB']","['FU1506.SHF', 'JD1509.DCE', 'BU1509.SHF', 'CS1509.DCE', 'MA509.CZC', 'PM505.CZC', 'CF509.CZC', 'TA509.CZC', 'SR509.CZC']","['CU1505.SHF', 'HC1503.SHF', 'I1509.DCE', 'RU1509.SHF', 'L1509.DCE', 'PP1509.DCE', 'ME504.CZC', 'BB1502.DCE', 'FB1503.DCE']"
1月30日,"['FU', 'JD', 'BU', 'CS', 'MA', 'CF', 'TA', 'SR', 'PB']","['CU', 'I', 'L', 'PP', 'RU', 'ME', 'BB', 'FB', 'B']","['FU1506.SHF', 'JD1509.DCE', 'BU1509.SHF', 'CS1509.DCE', 'MA509.CZC', 'CF509.CZC', 'TA509.CZC', 'SR509.CZC', 'PB1503.SHF']","['CU1505.SHF', 'I1509.DCE', 'L1509.DCE', 'PP1509.DCE', 'RU1509.SHF', 'ME502.CZC', 'BB1503.DCE', 'FB1503.DCE', 'FB1504.DCE']"
2月2日,"['IM', 'JD', 'BU', 'FU', 'CS', 'MA', 'CF', 'TA', 'SR']","['P', 'RM', 'I', 'PP', 'RU', 'L', 'ME', 'BB', 'FB']","['IM_S1502.SHF', 'JD1509.DCE', 'BU1509.SHF', 'FU1506.SHF', 'CS1509.DCE', 'MA509.CZC', 'CF509.CZC', 'TA509.CZC', 'SR509.CZC']","['P1509.DCE', 'RM509.CZC', 'I1509.DCE', 'PP1509.DCE', 'RU1509.SHF', 'L1509.DCE', 'ME502.CZC', 'BB1503.DCE', 'FB1503.DCE']"
2月3日,"['JD', 'BU', 'IM', 'CS', 'MA', 'CF', 'TA', 'SR', 'PB']","['I', 'RM', 'PP', 'RU', 'ME', 'L', 'FU', 'BB', 'FB']","['JD1509.DCE', 'BU1509.SHF', 'IM_S1502.SHF', 'CS1509.DCE', 'MA509.CZC', 'CF509.CZC', 'TA509.CZC', 'SR509.CZC', 'PB1503.SHF']","['I1509.DCE', 'RM509.CZC', 'PP1509.DCE', 'RU1509.SHF', 'ME504.CZC', 'L1509.DCE', 'FU1503.SHF', 'BB1503.DCE', 'FB1503.DCE']"
2月4日,"['BU', 'JD', 'IM', 'CS', 'MA', 'RS', 'CF', 'TA', 'RB']","['P', 'RM', 'PP', 'L', 'RU', 'ME', 'FU', 'BB', 'FB']","['BU1509.SHF', 'JD1509.DCE', 'IM_S1502.SHF', 'CS1509.DCE', 'MA509.CZC', 'RS509.CZC', 'CF509.CZC', 'TA509.CZC', 'RB1510.SHF']","['P1509.DCE', 'RM509.CZC', 'PP1509.DCE', 'L1509.DCE', 'RU1509.SHF', 'ME504.CZC', 'FU1503.SHF', 'BB1503.DCE', 'FB1503.DCE']"
2月5日,"['BU', 'JD', 'CS', 'MA', 'CF', 'TA', 'RB', 'SR', 'PB']","['P', 'CU', 'IM', 'RM', 'RU', 'PP', 'L', 'FU', 'BB']","['BU1509.SHF', 'JD1509.DCE', 'CS1509.DCE', 'MA509.CZC', 'CF509.CZC', 'TA509.CZC', 'RB1510.SHF', 'SR509.CZC', 'PB1503.SHF']","['P1509.DCE', 'CU1505.SHF', 'IM_S1502.SHF', 'RM509.CZC', 'RU1509.SHF', 'PP1509.DCE', 'L1509.DCE', 'FU1503.SHF', 'BB1503.DCE']"
2月6日,"['JD', 'BU', 'IM', 'CS', 'MA', 'FB', 'CF', 'TA', 'SR']","['RM', 'PP', 'L', 'RU', 'RS', 'ME', 'FU', 'BB', 'B']","['JD1509.DCE', 'BU1509.SHF', 'IM_S1502.SHF', 'CS1509.DCE', 'MA509.CZC', 'FB1509.DCE', 'CF509.CZC', 'TA509.CZC', 'SR509.CZC']","['RM509.CZC', 'PP1509.DCE', 'L1509.DCE', 'RU1509.SHF', 'RS509.CZC', 'ME504.CZC', 'FU1503.SHF', 'BB1503.DCE', 'BB1508.DCE']"
2月9日,"['BU', 'JD', 'CS', 'MA', 'CF', 'TA', 'SR', 'RB', 'J']","['A', 'CU', 'I', 'L', 'PP', 'RM', 'RU', 'BB']","['BU1509.SHF', 'JD1509.DCE', 'CS1509.DCE', 'MA509.CZC', 'CF509.CZC', 'TA509.CZC', 'SR509.CZC', 'RB1510.SHF', 'J1509.DCE']","['A1509.DCE', 'CU1505.SHF', 'I1509.DCE', 'L1509.DCE', 'PP1509.DCE', 'RM509.CZC', 'RU1509.SHF', 'BB1503.DCE']"
2月10日,"['FU', 'BU', 'JD', 'CS', 'MA', 'IM', 'CF', 'TA', 'SR']","['AF', 'CU', 'PP', 'RM', 'L', 'RU', 'ME', 'BB', 'FB']","['FU1506.SHF', 'BU1509.SHF', 'JD1509.DCE', 'CS1509.DCE', 'MA509.CZC', 'IM_S1502.SHF', 'CF509.CZC', 'TA509.CZC', 'SR509.CZC']","['AF1509-S.CFE', 'CU1505.SHF', 'PP1509.DCE', 'RM509.CZC', 'L1509.DCE', 'RU1509.SHF', 'ME504.CZC', 'BB1503.DCE', 'FB1503.DCE']"
2月11日,"['BU', 'JD', 'CS', 'MA', 'CF', 'TA', 'SR', 'RB', 'PB']","['P', 'CU', 'L', 'PP', 'RM', 'RU', 'ME', 'FU', 'BB']","['BU1509.SHF', 'JD1509.DCE', 'CS1509.DCE', 'MA509.CZC', 'CF509.CZC', 'TA509.CZC', 'SR509.CZC', 'RB1510.SHF', 'PB1503.SHF']","['P1509.DCE', 'CU1505.SHF', 'L1509.DCE', 'PP1509.DCE', 'RM509.CZC', 'RU1509.SHF', 'ME504.CZC', 'FU1503.SHF', 'BB1503.DCE']"
2月12日,"['JD', 'BU', 'CS', 'MA', 'CF', 'TA', 'IM', 'SR', 'RB']","['L', 'PP', 'RM', 'RU', 'HC', 'ME', 'FU', 'BB', 'FB']","['JD1509.DCE', 'BU1509.SHF', 'CS1509.DCE', 'MA509.CZC', 'CF509.CZC', 'TA509.CZC', 'IM_S1502.SHF', 'SR509.CZC', 'RB1510.SHF']","['L1509.DCE', 'PP1509.DCE', 'RM509.CZC', 'RU1509.SHF', 'HC1503.SHF', 'ME504.CZC', 'FU1503.SHF', 'BB1503.DCE', 'FB1503.DCE']"
2月13日,"['IM', 'JD', 'BU', 'CS', 'MA', 'TA', 'CF', 'WR', 'RB']","['I', 'L', 'FU', 'RU', 'RM', 'HC', 'ME', 'BB', 'FB']","['IM_S1502.SHF', 'JD1509.DCE', 'BU1509.SHF', 'CS1509.DCE', 'MA509.CZC', 'TA509.CZC', 'CF509.CZC', 'WR1511.SHF', 'RB1510.SHF']","['I1509.DCE', 'L1509.DCE', 'FU1509.SHF', 'RU1509.SHF', 'RM509.CZC', 'HC1503.SHF', 'ME504.CZC', 'BB1503.DCE', 'FB1503.DCE']"
2月16日,"['JD', 'CS', 'BU', 'MA', 'RI', 'TA', 'CF', 'IM', 'RB']","['P', 'I', 'L', 'PP', 'RM', 'HC', 'RU', 'BB', 'FB']","['JD1509.DCE', 'CS1509.DCE', 'BU1509.SHF', 'MA509.CZC', 'RI509.CZC', 'TA509.CZC', 'CF509.CZC', 'IM_S1506.SHF', 'RB1510.SHF']","['P1509.DCE', 'I1509.DCE', 'L1509.DCE', 'PP1509.DCE', 'RM509.CZC', 'HC1503.SHF', 'RU1509.SHF', 'BB1503.DCE', 'FB1503.DCE']"
2月17日,"['JD', 'BU', 'CS', 'RU', 'MA', 'TA', 'CF', 'CU', 'RB']","['I', 'PP', 'L', 'RM', 'FU', 'ME', 'HC', 'BB', 'FB']","['JD1509.DCE', 'BU1509.SHF', 'CS1509.DCE', 'RU1505.SHF', 'MA509.CZC', 'TA509.CZC', 'CF509.CZC', 'CU1504.SHF', 'RB1510.SHF']","['I1509.DCE', 'PP1509.DCE', 'L1509.DCE', 'RM509.CZC', 'FU1509.SHF', 'ME504.CZC', 'HC1503.SHF', 'BB1503.DCE', 'FB1503.DCE']"
2月25日,"['BU', 'JD', 'CS', 'RU', 'MA', 'CF', 'TA', 'IM', 'RB']","['I', 'M,C', 'M,C', 'L', 'PP', 'RM', 'HC', 'BB', 'FB']","['BU1509.SHF', 'JD1509.DCE', 'CS1509.DCE', 'RU1505.SHF', 'MA509.CZC', 'CF509.CZC', 'TA509.CZC', 'IM_S1506.SHF', 'RB1510.SHF']","['I1509.DCE', 'L1509.DCE', 'PP1509.DCE', 'RM509.CZC', 'HC1503.SHF', 'BB1503.DCE', 'FB1503.DCE']"
2月26日,"['BU', 'JD', 'CS', 'RU', 'MA', 'CF', 'TA', 'RB', 'J']","['P', 'I', 'PP', 'FU', 'L', 'RM', 'HC', 'BB', 'FB']","['BU1509.SHF', 'JD1509.DCE', 'CS1509.DCE', 'RU1505.SHF', 'MA509.CZC', 'CF509.CZC', 'TA509.CZC', 'RB1510.SHF', 'J1509.DCE']","['P1509.DCE', 'I1509.DCE', 'PP1509.DCE', 'FU1509.SHF', 'L1509.DCE', 'RM509.CZC', 'HC1503.SHF', 'BB1503.DCE', 'FB1503.DCE']"
2月27日,"['JD', 'BU', 'CS', 'RU', 'WR', 'RB', 'TA', 'IM', 'CF']","['I', 'P', 'PP', 'BB', 'L', 'RM', 'FU', 'HC', 'FB']","['JD1509.DCE', 'BU1509.SHF', 'CS1509.DCE', 'RU1505.SHF', 'WR1511.SHF', 'RB1510.SHF', 'TA509.CZC', 'IM_S1506.SHF', 'CF509.CZC']","['I1509.DCE', 'P1509.DCE', 'PP1509.DCE', 'BB1509.DCE', 'L1509.DCE', 'RM509.CZC', 'FU1509.SHF', 'HC1503.SHF', 'FB1503.DCE']"
3月2日,"['BU', 'JD', 'CS', 'RU', 'WR', 'RM', 'RS', 'RB', 'CF']","['AF', 'P', 'BB', 'PP', 'L', 'FU', 'HC', 'FB', 'ZC']","['BU1509.SHF', 'JD1509.DCE', 'CS1509.DCE', 'RU1505.SHF', 'WR1511.SHF', 'RM505.CZC', 'RS511.CZC', 'RB1510.SHF', 'CF509.CZC']","['AF1506-S.CFE', 'P1509.DCE', 'BB1509.DCE', 'PP1509.DCE', 'L1509.DCE', 'FU1509.SHF', 'HC1503.SHF', 'FB1503.DCE', 'MA506.CZC']"
3月3日,"['JD', 'CS', 'RU', 'RM', 'IM', 'WR', 'BU', 'RB', 'J']","['MA', 'P', 'BB', 'PP', 'L', 'FU', 'HC', 'FB', 'ZC']","['JD1509.DCE', 'CS1509.DCE', 'RU1505.SHF', 'RM505.CZC', 'IM_S1506.SHF', 'WR1511.SHF', 'BU1509.SHF', 'RB1510.SHF', 'J1509.DCE']","['MA509.CZC', 'P1509.DCE', 'BB1509.DCE', 'PP1509.DCE', 'L1509.DCE', 'FU1509.SHF', 'HC1503.SHF', 'FB1503.DCE', 'RM509.CZC']"
3月4日,"['JD', 'BU', 'CS', 'RM', 'WR', 'IM', 'RU', 'RB', 'JM']","['AF', 'AL', 'PP', 'L', 'FU', 'BB', 'HC', 'FB', 'ZC']","['JD1509.DCE', 'BU1509.SHF', 'CS1509.DCE', 'RM505.CZC', 'WR1511.SHF', 'IM_S1506.SHF', 'RU1505.SHF', 'RB1510.SHF', 'JM1509.DCE']","['AF1506-S.CFE', 'AL1504.SHF', 'PP1509.DCE', 'L1509.DCE', 'FU1509.SHF', 'BB1509.DCE', 'HC1503.SHF', 'FB1503.DCE', 'RM509.CZC']"
3月5日,"['BU', 'JD', 'RS', 'CS', 'RI', 'RM', 'WR', 'IM', 'RU']","['AL', 'AF', 'PP', 'L', 'BB', 'FU', 'HC', 'FB', 'ZC']","['BU1509.SHF', 'JD1509.DCE', 'RS509.CZC', 'CS1509.DCE', 'RI509.CZC', 'RM505.CZC', 'WR1511.SHF', 'IM_S1506.SHF', 'RU1505.SHF']","['AL1504.SHF', 'AF1506-S.CFE', 'PP1509.DCE', 'L1509.DCE', 'BB1509.DCE', 'FU1509.SHF', 'HC1503.SHF', 'FB1503.DCE', 'RM509.CZC']"
3月6日,"['BU', 'JD', 'CS', 'RM', 'RU', 'WR', 'IM', 'P', 'J']","['MA', 'RB', 'BB', 'PP', 'L', 'HC', 'FU', 'FB', 'ZC']","['BU1509.SHF', 'JD1509.DCE', 'CS1509.DCE', 'RM505.CZC', 'RU1505.SHF', 'WR1511.SHF', 'IM_S1506.SHF', 'P1505.DCE', 'J1509.DCE']","['MA509.CZC', 'RB1505.SHF', 'BB1509.DCE', 'PP1509.DCE', 'L1509.DCE', 'HC1503.SHF', 'FU1509.SHF', 'FB1503.DCE', 'MA506.CZC']"
3月9日,"['BU', 'JD', 'CS', 'RM', 'WR', 'RU', 'P', 'IM', 'TA']","['MA', 'BB', 'RB', 'PP', 'L', 'HC', 'FU', 'FB', 'ZC']","['BU1509.SHF', 'JD1509.DCE', 'CS1509.DCE', 'RM505.CZC', 'WR1511.SHF', 'RU1505.SHF', 'P1505.DCE', 'IM_S1506.SHF', 'TA509.CZC']","['MA509.CZC', 'BB1509.DCE', 'RB1505.SHF', 'PP1509.DCE', 'L1509.DCE', 'HC1503.SHF', 'FU1509.SHF', 'FB1503.DCE', 'MA506.CZC']"
3月10日,"['JD', 'BU', 'CS', 'RM', 'RU', 'IM', 'WR', 'P', 'TA']","['MA', 'BB', 'RB', 'PP', 'L', 'FU', 'ME', 'FB', 'ZC']","['JD1509.DCE', 'BU1509.SHF', 'CS1509.DCE', 'RM505.CZC', 'RU1505.SHF', 'IM_S1506.SHF', 'WR1510.SHF', 'P1505.DCE', 'TA509.CZC']","['MA509.CZC', 'BB1509.DCE', 'RB1505.SHF', 'PP1509.DCE', 'L1509.DCE', 'FU1509.SHF', 'ME504.CZC', 'FB1503.DCE', 'MA506.CZC']"
3月11日,"['ZC', 'JD', 'BU', 'WR', 'IM', 'RM', 'RU', 'P', 'CS']","['B', 'CU', 'SR', 'BB', 'PP', 'RB', 'L', 'FU', 'FB']","['TA505.CZC', 'JD1509.DCE', 'BU1509.SHF', 'WR1511.SHF', 'IM_S1506.SHF', 'RM505.CZC', 'RU1505.SHF', 'P1505.DCE', 'CS1509.DCE']","['B1509.DCE', 'CU1506.SHF', 'SR505.CZC', 'BB1509.DCE', 'PP1509.DCE', 'RB1505.SHF', 'L1509.DCE', 'FU1509.SHF', 'FB1503.DCE']"
3月12日,"['ZC', 'JD', 'BU', 'RM', 'WR', 'RU', 'IM', 'TA', 'P']","['BB', 'SR', 'AF', 'RB', 'PP', 'L', 'ME', 'FU', 'FB']","['TA505.CZC', 'JD1509.DCE', 'BU1509.SHF', 'RM505.CZC', 'WR1510.SHF', 'RU1505.SHF', 'IM_S1506.SHF', 'TA509.CZC', 'P1505.DCE']","['BB1509.DCE', 'SR505.CZC', 'AF1506-S.CFE', 'RB1505.SHF', 'PP1509.DCE', 'L1509.DCE', 'ME504.CZC', 'FU1509.SHF', 'FB1503.DCE']"
3月13日,"['ZC', 'JD', 'BU', 'RM', 'RU', 'PP', 'WR', 'TA', 'CS']","['B', 'BB', 'MA', 'SR', 'AF', 'RB', 'L', 'FU', 'ME']","['TA505.CZC', 'JD1509.DCE', 'BU1509.SHF', 'RM505.CZC', 'RU1505.SHF', 'PP1505.DCE', 'WR1510.SHF', 'TA509.CZC', 'CS1509.DCE']","['B1509.DCE', 'BB1509.DCE', 'MA509.CZC', 'SR505.CZC', 'AF1506-S.CFE', 'RB1505.SHF', 'L1509.DCE', 'FU1509.SHF', 'ME504.CZC']"
3月16日,"['ZC', 'JD', 'BU', 'RM', 'RU', 'IM', 'TA', 'WR', 'P']","['B', 'BB', 'AF', 'MA', 'SR', 'L', 'RB', 'PP', 'FU']","['TA505.CZC', 'JD1509.DCE', 'BU1509.SHF', 'RM505.CZC', 'RU1505.SHF', 'IM_S1506.SHF', 'TA509.CZC', 'WR1511.SHF', 'P1505.DCE']","['B1509.DCE', 'BB1509.DCE', 'AF1509-S.CFE', 'MA509.CZC', 'SR505.CZC', 'L1509.DCE', 'RB1505.SHF', 'PP1509.DCE', 'FU1509.SHF']"
3月17日,"['ZC', 'JD', 'BU', 'PP', 'RM', 'RU', 'L', 'P', 'TA']","['B', 'EF', 'MA', 'AF', 'IM', 'SR', 'RB', 'BB', 'ME']","['TA505.CZC', 'JD1509.DCE', 'BU1509.SHF', 'PP1505.DCE', 'RM505.CZC', 'RU1505.SHF', 'L1505.DCE', 'P1505.DCE', 'TA509.CZC']","['B1509.DCE', 'EF1503-S.CFE', 'MA509.CZC', 'AF1506-S.CFE', 'IM_S1504.SHF', 'SR505.CZC', 'RB1505.SHF', 'BB1511.DCE', 'ME504.CZC']"
3月18日,"['ZC', 'JD', 'BU', 'PP', 'RM', 'L', 'RU', 'TA', 'ME']","['CU', 'B', 'FG', 'BB', 'MA', 'AF', 'IM', 'SR', 'RB']","['TA505.CZC', 'JD1509.DCE', 'BU1509.SHF', 'PP1505.DCE', 'RM505.CZC', 'L1505.DCE', 'RU1505.SHF', 'TA509.CZC', 'ME504.CZC']","['CU1506.SHF', 'B1509.DCE', 'FG509.CZC', 'BB1511.DCE', 'MA509.CZC', 'AF1506-S.CFE', 'IM_S1504.SHF', 'SR505.CZC', 'RB1505.SHF']"
3月19日,"['ZC', 'JD', 'BU', 'PP', 'RM', 'L', 'RU', 'TA', 'J']","['TC', 'IM', 'BB', 'CF', 'SR', 'RB', 'FU', 'AF', 'ME']","['TA505.CZC', 'JD1509.DCE', 'BU1509.SHF', 'PP1505.DCE', 'RM505.CZC', 'L1505.DCE', 'RU1505.SHF', 'TA509.CZC', 'J1509.DCE']","['TC509.CZC', 'IM_S1504.SHF', 'BB1511.DCE', 'CF505.CZC', 'SR505.CZC', 'RB1505.SHF', 'FU1509.SHF', 'AF1506-S.CFE', 'ME504.CZC']"
3月20日,"['ZC', 'JD', 'BU', 'PP', 'L', 'FU', 'RM', 'WR']","['B', 'PB', 'IM', 'CF', 'SR', 'RB', 'LR', 'BB']","['TA505.CZC', 'JD1509.DCE', 'BU1509.SHF', 'PP1505.DCE', 'L1505.DCE', 'FU1509.SHF', 'RM505.CZC', 'WR1510.SHF']","['B1509.DCE', 'PB1506.SHF', 'IM_S1504.SHF', 'CF505.CZC', 'SR505.CZC', 'RB1505.SHF', 'LR511.CZC', 'BB1511.DCE']"
3月23日,"['ZC', 'BU', 'PP', 'L', 'RM', 'J', 'WR', 'FU', 'RU']","['FG', 'PB', 'AL', 'B', 'IM', 'BB', 'CF', 'RB', 'JD']","['TA505.CZC', 'BU1509.SHF', 'PP1505.DCE', 'L1505.DCE', 'RM505.CZC', 'J1509.DCE', 'WR1510.SHF', 'FU1509.SHF', 'RU1505.SHF']","['FG509.CZC', 'PB1506.SHF', 'AL1505.SHF', 'B1509.DCE', 'IM_S1504.SHF', 'BB1511.DCE', 'CF505.CZC', 'RB1505.SHF', 'JD1505.DCE']"
3月24日,"['ZC', 'IM', 'BU', 'PP', 'J', 'RM', 'FU', 'RU', 'L']","['MA', 'B', 'RI', 'PB', 'BB', 'RB', 'CF', 'RS', 'JD']","['TA505.CZC', 'IM_S1504.SHF', 'BU1509.SHF', 'PP1505.DCE', 'J1509.DCE', 'RM505.CZC', 'FU1509.SHF', 'RU1505.SHF', 'L1505.DCE']","['MA509.CZC', 'B1509.DCE', 'RI505.CZC', 'PB1506.SHF', 'BB1511.DCE', 'RB1505.SHF', 'CF505.CZC', 'RS509.CZC', 'JD1505.DCE']"
3月25日,"['ZC', 'JD', 'BU', 'IM', 'PP', 'RM', 'RU', 'L', 'WR']","['AF,ZN,FB,EF', 'AF,ZN,FB,EF', 'AF,ZN,FB,EF', 'B', 'FG', 'AL', 'BB', 'RB', 'CF']","['TA505.CZC', 'JD1509.DCE', 'BU1509.SHF', 'IM_S1504.SHF', 'PP1505.DCE', 'RM505.CZC', 'RU1505.SHF', 'L1505.DCE', 'WR1510.SHF']","['B1509.DCE', 'FG509.CZC', 'AL1505.SHF', 'BB1511.DCE', 'RB1505.SHF', 'CF505.CZC']"
3月26日,"['ZC', 'JD', 'PP', 'BU', 'IM', 'RM', 'RU', 'L', 'J']","['PB', 'FG,BB', 'FG,BB', 'V', 'I', 'EF', 'CF', 'RB', 'FU']","['TA505.CZC', 'JD1509.DCE', 'PP1505.DCE', 'BU1509.SHF', 'IM_S1506.SHF', 'RM505.CZC', 'RU1505.SHF', 'L1505.DCE', 'J1509.DCE']","['PB1506.SHF', 'V1505.DCE', 'I1505.DCE', 'EF1506-S.CFE', 'CF505.CZC', 'RB1505.SHF', 'FU1509.SHF']"
3月27日,"['ZC', 'JD', 'BU', 'PP', 'IM', 'RM', 'RU', 'TA', 'L']","['FG', 'PB', 'B', 'V', 'BB', 'J', 'I', 'RB', 'CF']","['TA505.CZC', 'JD1509.DCE', 'BU1509.SHF', 'PP1505.DCE', 'IM_S1506.SHF', 'RM505.CZC', 'RU1505.SHF', 'TA509.CZC', 'L1505.DCE']","['FG509.CZC', 'PB1506.SHF', 'B1509.DCE', 'V1505.DCE', 'BB1511.DCE', 'J1505.DCE', 'I1505.DCE', 'RB1505.SHF', 'CF505.CZC']"
3月30日,"['JD', 'BU', 'FU', 'PP', 'IM', 'RM', 'WR', 'RU', 'L']","['I', 'SN', 'RB', 'J', 'FB', 'CF', 'AF', 'FG', 'TA']","['JD1509.DCE', 'BU1509.SHF', 'FU1509.SHF', 'PP1505.DCE', 'IM_S1506.SHF', 'RM505.CZC', 'WR1510.SHF', 'RU1505.SHF', 'L1505.DCE']","['I1505.DCE', 'SN1508.SHF', 'RB1505.SHF', 'J1505.DCE', 'FB1509.DCE', 'CF505.CZC', 'AF1506-S.CFE', 'FG509.CZC', 'TA505.CZC']"
3月31日,"['FU', 'BU', 'PP', 'IM', 'RM', 'RU', 'L', 'JM', 'A']","['RB', 'FB', 'B', 'WR', 'CF', 'AF', 'SN', 'TA', 'JD']","['FU1509.SHF', 'BU1509.SHF', 'PP1505.DCE', 'IM_S1506.SHF', 'RM505.CZC', 'RU1505.SHF', 'L1505.DCE', 'JM1505.DCE', 'A1509.DCE']","['RB1505.SHF', 'FB1509.DCE', 'B1509.DCE', 'WR1511.SHF', 'CF505.CZC', 'AF1506-S.CFE', 'SN1508.SHF', 'TA505.CZC', 'JD1505.DCE']"
4月1日,"['BU', 'PP', 'IM', 'RM', 'L', 'FU', 'JM', 'RU', 'A']","['V', 'ZN', 'LR', 'B', 'WR', 'CF', 'AF', 'TA', 'JD']","['BU1509.SHF', 'PP1505.DCE', 'IM_S1506.SHF', 'RM505.CZC', 'L1505.DCE', 'FU1509.SHF', 'JM1505.DCE', 'RU1505.SHF', 'A1509.DCE']","['V1505.DCE', 'ZN1505.SHF', 'LR509.CZC', 'B1509.DCE', 'WR1511.SHF', 'CF505.CZC', 'AF1506-S.CFE', 'TA505.CZC', 'JD1505.DCE']"
4月2日,"['BU', 'PP', 'IM', 'L', 'JM', 'MA', 'P', 'RU', 'M']","['FG', 'J', 'SN', 'B', 'WR', 'TA', 'RS', 'JD', 'CF']","['BU1509.SHF', 'PP1505.DCE', 'IM_S1506.SHF', 'L1505.DCE', 'JM1505.DCE', 'MA509.CZC', 'P1505.DCE', 'RU1505.SHF', 'M1601.DCE']","['FG509.CZC', 'J1505.DCE', 'SN1508.SHF', 'B1509.DCE', 'WR1511.SHF', 'TA505.CZC', 'RS509.CZC', 'JD1505.DCE', 'EF1504-S.CFE']"
4月3日,"['PP', 'L', 'IM', 'BU', 'JM', 'MA', 'M', 'FU', 'RU']","['B', 'NI', 'SN', 'J', 'WR', 'CF', 'FG', 'TA', 'JD']","['PP1505.DCE', 'L1505.DCE', 'IM_S1506.SHF', 'BU1509.SHF', 'JM1505.DCE', 'MA509.CZC', 'M1601.DCE', 'FU1509.SHF', 'RU1505.SHF']","['B1509.DCE', 'NI1508.SHF', 'SN1508.SHF', 'J1505.DCE', 'WR1511.SHF', 'CF505.CZC', 'FG509.CZC', 'TA505.CZC', 'JD1505.DCE']"
4月7日,"['PP', 'L', 'IM', 'BU', 'FG', 'JM', 'M', 'MA', 'P']","['NI', 'SN', 'BB', 'J', 'WR', 'TA', 'RS', 'JD', 'CF']","['PP1505.DCE', 'L1505.DCE', 'IM_S1506.SHF', 'BU1509.SHF', 'FG506.CZC', 'JM1505.DCE', 'M1601.DCE', 'MA509.CZC', 'P1505.DCE']","['NI1508.SHF', 'SN1508.SHF', 'BB1511.DCE', 'J1505.DCE', 'WR1511.SHF', 'TA505.CZC', 'RS509.CZC', 'JD1505.DCE', 'EF1504-S.CFE']"
4月8日,"['PP', 'L', 'FG', 'IM', 'BU', 'JM', 'M', 'B', 'MA', 'P']","['HC', 'A', 'WR', 'PM', 'TA', 'RS', 'JD', 'ME', 'CF']","['PP1505.DCE', 'L1505.DCE', 'FG506.CZC', 'IM_S1506.SHF', 'BU1509.SHF', 'JM1505.DCE', 'M1601.DCE', 'B1505.DCE', 'MA509.CZC', 'P1505.DCE']","['HC1505.SHF', 'A1505.DCE', 'WR1511.SHF', 'PM505.CZC', 'TA505.CZC', 'RS509.CZC', 'JD1505.DCE', 'ME504.CZC', 'EF1504-S.CFE']"
4月9日,"['PP', 'L', 'IM', 'FG', 'JM', 'BU', 'BB', 'M', 'P']","['A', 'HC', 'NI', 'J', 'TA', 'WR', 'FU', 'JD', 'CF']","['PP1505.DCE', 'L1505.DCE', 'IM_S1506.SHF', 'FG506.CZC', 'JM1505.DCE', 'BU1509.SHF', 'BB1509.DCE', 'M1601.DCE', 'P1505.DCE']","['A1505.DCE', 'HC1505.SHF', 'NI1509.SHF', 'J1505.DCE', 'TA505.CZC', 'WR1505.SHF', 'FU1509.SHF', 'JD1505.DCE', 'EF1504-S.CFE']"
4月10日,"['PP', 'BB', 'L', 'FG', 'JM', 'BU', 'B', 'M', 'FU']","['NI', 'J', 'A', 'HC', 'RB', 'CS', 'TA', 'WR', 'JD']","['PP1505.DCE', 'BB1509.DCE', 'L1505.DCE', 'FG506.CZC', 'JM1505.DCE', 'BU1509.SHF', 'B1505.DCE', 'M1601.DCE', 'FU1509.SHF']","['NI1509.SHF', 'J1505.DCE', 'A1505.DCE', 'HC1505.SHF', 'RB1505.SHF', 'CS1505.DCE', 'TA505.CZC', 'WR1505.SHF', 'JD1505.DCE']"
4月13日,"['BB', 'PP', 'L', 'RS', 'JM', 'FG', 'BU', 'B', 'M']","['J', 'HC', 'RB', 'CS', 'FB', 'TA', 'WR', 'SF', 'JD']","['BB1509.DCE', 'PP1505.DCE', 'L1505.DCE', 'RS511.CZC', 'JM1505.DCE', 'FG506.CZC', 'BU1509.SHF', 'B1505.DCE', 'M1601.DCE']","['J1505.DCE', 'HC1505.SHF', 'RB1505.SHF', 'CS1505.DCE', 'FB1509.DCE', 'TA505.CZC', 'WR1505.SHF', 'SF509.CZC', 'JD1505.DCE']"
4月14日,"['BB', 'PP', 'RU', 'JM', 'BU', 'L', 'SN', 'B', 'FG']","['HC', 'RB', 'J', 'WR', 'CS', 'FB', 'TA', 'FU', 'JD']","['BB1509.DCE', 'PP1505.DCE', 'RU1601.SHF', 'JM1505.DCE', 'BU1509.SHF', 'L1505.DCE', 'SN1508.SHF', 'B1505.DCE', 'FG506.CZC']","['HC1505.SHF', 'RB1505.SHF', 'J1505.DCE', 'WR1511.SHF', 'CS1505.DCE', 'FB1509.DCE', 'TA505.CZC', 'FU1509.SHF', 'JD1505.DCE']"
4月15日,"['BB', 'PP', 'RU', 'JM', 'BU', 'B', 'L', 'FG', 'A']","['J', 'RB', 'CS', 'NI', 'WR', 'HC', 'TA', 'JD', 'CF']","['BB1509.DCE', 'PP1505.DCE', 'RU1601.SHF', 'JM1505.DCE', 'BU1509.SHF', 'B1505.DCE', 'L1505.DCE', 'FG506.CZC', 'A1505.DCE']","['J1505.DCE', 'RB1505.SHF', 'CS1505.DCE', 'NI1509.SHF', 'WR1511.SHF', 'HC1505.SHF', 'TA505.CZC', 'JD1505.DCE', 'EF1504-S.CFE']"
4月16日,"['BB', 'RU', 'PP', 'JM', 'B', 'FG', 'L', 'A', 'M']","['J', 'FB', 'HC', 'NI', 'CS', 'RS', 'TA', 'WR', 'JD']","['BB1509.DCE', 'RU1601.SHF', 'PP1505.DCE', 'JM1505.DCE', 'B1505.DCE', 'FG506.CZC', 'L1505.DCE', 'A1505.DCE', 'M1601.DCE']","['J1505.DCE', 'FB1509.DCE', 'HC1505.SHF', 'NI1509.SHF', 'CS1505.DCE', 'RS509.CZC', 'TA505.CZC', 'WR1505.SHF', 'JD1505.DCE']"
4月17日,"['WR', 'BB', 'PP', 'JM', 'RU', 'B', 'FG', 'L', 'M']","['TC', 'HC', 'MA', 'J', 'CS', 'FB', 'TA', 'NI', 'JD']","['WR1511.SHF', 'BB1509.DCE', 'PP1505.DCE', 'JM1505.DCE', 'RU1601.SHF', 'B1505.DCE', 'FG506.CZC', 'L1505.DCE', 'M1601.DCE']","['TC505.CZC', 'HC1505.SHF', 'MA506.CZC', 'J1505.DCE', 'CS1505.DCE', 'FB1509.DCE', 'TA505.CZC', 'NI1509.SHF', 'JD1505.DCE']"
4月20日,"['BB', 'JM', 'BU', 'RU', 'PP', 'FU', 'FG', 'B', 'L']","['P', 'CU', 'WR', 'HC', 'CS', 'A', 'TA', 'NI', 'JD']","['BB1509.DCE', 'JM1505.DCE', 'BU1509.SHF', 'RU1601.SHF', 'PP1505.DCE', 'FU1509.SHF', 'FG506.CZC', 'B1505.DCE', 'L1505.DCE']","['P1601.DCE', 'CU1507.SHF', 'WR1511.SHF', 'HC1505.SHF', 'CS1505.DCE', 'A1505.DCE', 'TA505.CZC', 'NI1509.SHF', 'JD1601.DCE']"
4月21日,"['WR', 'BB', 'BU', 'JM', 'PP', 'RU', 'B', 'FG', 'L']","['EF', 'J', 'CU', 'HC', 'TA', 'NI', 'A', 'CS', 'JD']","['WR1511.SHF', 'BB1509.DCE', 'BU1509.SHF', 'JM1505.DCE', 'PP1505.DCE', 'RU1601.SHF', 'B1505.DCE', 'FG506.CZC', 'L1505.DCE']","['EF1509-S.CFE', 'J1505.DCE', 'CU1507.SHF', 'HC1505.SHF', 'TA505.CZC', 'NI1509.SHF', 'A1505.DCE', 'CS1601.DCE', 'JD1601.DCE']"
4月22日,"['WR', 'BB', 'BU', 'JM', 'RU', 'B', 'FG', 'L', 'M']","['FB', 'HC', 'J', 'TA', 'NI', 'A', 'PP', 'CS', 'JD']","['WR1511.SHF', 'BB1509.DCE', 'BU1509.SHF', 'JM1505.DCE', 'RU1601.SHF', 'B1505.DCE', 'FG506.CZC', 'L1505.DCE', 'M1601.DCE']","['FB1509.DCE', 'HC1505.SHF', 'J1505.DCE', 'TA505.CZC', 'NI1509.SHF', 'A1505.DCE', 'PP1601.DCE', 'CS1601.DCE', 'JD1601.DCE']"
4月23日,"['WR', 'BB', 'JM', 'BU', 'RU', 'B', 'FG', 'L', 'M']","['CU', 'J', 'HC', 'NI', 'TA', 'FB', 'PP', 'CS', 'JD']","['WR1511.SHF', 'BB1509.DCE', 'JM1505.DCE', 'BU1509.SHF', 'RU1601.SHF', 'B1505.DCE', 'FG506.CZC', 'L1505.DCE', 'M1601.DCE']","['CU1507.SHF', 'J1505.DCE', 'HC1505.SHF', 'NI1509.SHF', 'TA505.CZC', 'FB1509.DCE', 'PP1601.DCE', 'CS1601.DCE', 'JD1601.DCE']"
4月24日,"['WR', 'BB', 'BU', 'RU', 'B', 'JM', 'A', 'M', 'RB']","['HC', 'TC', 'TA', 'J', 'NI', 'PP', 'L', 'JD', 'CS']","['WR1511.SHF', 'BB1509.DCE', 'BU1509.SHF', 'RU1601.SHF', 'B1505.DCE', 'JM1505.DCE', 'A1601.DCE', 'M1601.DCE', 'RB1601.SHF']","['HC1505.SHF', 'TC505.CZC', 'TA505.CZC', 'J1505.DCE', 'NI1509.SHF', 'PP1601.DCE', 'L1601.DCE', 'JD1601.DCE', 'CS1601.DCE']"
4月27日,"['BB', 'BU', 'RU', 'B', 'JM', 'RB', 'SF', 'A', 'WH']","['WR', 'TA', 'PP', 'J', 'TC', 'L', 'SN', 'JD', 'CS']","['BB1509.DCE', 'BU1509.SHF', 'RU1601.SHF', 'B1505.DCE', 'JM1505.DCE', 'RB1601.SHF', 'SF509.CZC', 'A1601.DCE', 'WH509.CZC']","['WR1511.SHF', 'TA505.CZC', 'PP1601.DCE', 'J1505.DCE', 'TC505.CZC', 'L1601.DCE', 'SN1508.SHF', 'JD1601.DCE', 'CS1601.DCE']"
4月28日,"['BB', 'BU', 'B', 'RU', 'JM', 'FB', 'SN', 'A', 'RB']","['NI', 'TA', 'PP', 'J', 'L', 'TC', 'CS', 'JD', 'WR']","['BB1509.DCE', 'BU1509.SHF', 'B1505.DCE', 'RU1601.SHF', 'JM1505.DCE', 'FB1509.DCE', 'SN1508.SHF', 'A1601.DCE', 'RB1601.SHF']","['NI1509.SHF', 'TA505.CZC', 'PP1601.DCE', 'J1505.DCE', 'L1601.DCE', 'TC505.CZC', 'CS1601.DCE', 'JD1601.DCE', 'WR1511.SHF']"
4月29日,"['WR', 'BB', 'BU', 'B', 'JM', 'RU', 'SN', 'LR', 'FB']","['HC', 'NI', 'FU', 'TA', 'PP', 'TC', 'L', 'CS', 'JD']","['WR1511.SHF', 'BB1509.DCE', 'BU1509.SHF', 'B1505.DCE', 'JM1505.DCE', 'RU1601.SHF', 'SN1508.SHF', 'LR509.CZC', 'FB1509.DCE']","['HC1505.SHF', 'NI1509.SHF', 'FU1509.SHF', 'TA505.CZC', 'PP1601.DCE', 'TC505.CZC', 'L1601.DCE', 'CS1601.DCE', 'JD1601.DCE']"
4月30日,"['BU', 'JM', 'B', 'RU', 'WR', 'J', 'FU', 'A', 'RB']","['HC', 'NI', 'TA', 'PP', 'L', 'JD', 'CS', 'TC', 'BB']","['BU1509.SHF', 'JM1505.DCE', 'B1505.DCE', 'RU1601.SHF', 'WR1511.SHF', 'J1601.DCE', 'FU1509.SHF', 'A1601.DCE', 'RB1601.SHF']","['HC1505.SHF', 'NI1509.SHF', 'TA505.CZC', 'PP1601.DCE', 'L1601.DCE', 'JD1601.DCE', 'CS1601.DCE', 'TC505.CZC', 'BB1505.DCE']"
